averageTime,averageAttempts,accuracy,failureRate
3.758889675140381,3.6666666666666665,100.0,0.0
