averageTime,averageAttempts,accuracy,failureRate
5.418363274202145,4.6838458207016025,87.91684711996535,12.083152880034646
