averageTime,averageAttempts,accuracy,failureRate
26.608903805690186,4.287137288869641,99.91338241663058,0.08661758336941716
